Fund Name,P1,P2,P3,P4,P5,Topsis Score,Rank
M1,0.14316540791766955,0.15963815351869098,0.018533772652388796,0.0027885037329259186,0.0096217361500592,0.663446417311744,7.0
M2,0.1327911029960993,0.13635758946388188,0.03140444810543657,0.002049794849291158,0.0076400573315884585,0.707200965515365,8.0
M3,0.17843804465100843,0.24610882000798193,0.02625617792421746,0.0030526777707820586,0.010768367919237241,0.2973006386058783,1.0
M4,0.17636318366669437,0.23945723027803648,0.028830313014827014,0.0017024549106284556,0.0065370474231943665,0.3048932455720186,2.0
M5,0.17013860071375222,0.22282825595317285,0.023167215815485996,0.0026172798195006433,0.009266529569389916,0.33688450700714423,4.0
M6,0.15768943480786793,0.19289610216841827,0.024196869851729818,0.002450948017887518,0.008749298934380258,0.49320731752279584,5.0
M7,0.17221346169806628,0.22947984568311827,0.022652388797364087,0.0028080721801745216,0.009864772231569764,0.3150081555919691,3.0
M8,0.15146485185492575,0.17626712784355464,0.025741350906095552,0.0019959816193574997,0.007334704306100829,0.5991089979005935,6.0
